element,fault_key,name,name_fixed
STREET,DUPLICATE_WORD,AIRE DE DEYME TOULOUSE SUD SUD,AIRE DE DEYME TOULOUSE SUD
STREET,DUPLICATE_WORD,ALLEE DE LA L T T,ALLEE DE LA LTT
STREET,DUPLICATE_WORD,ALLEE DES DES ESTIVES,ALLEE DES ESTIVES
STREET,DUPLICATE_WORD,BOULEVARD BOULEVARD JOHN COCKERILL,BOULEVARD JOHN COCKERILL
STREET,DUPLICATE_WORD,CHEMIN CHEMIN DE LA BASSE GUIHUERE,CHEMIN DE LA BASSE GUIHUERE
STREET,DUPLICATE_WORD,CHEMIN CHEMIN DE L AERODROME,CHEMIN DE L AERODROME
STREET,DUPLICATE_WORD,CHEMIN D D A,CHEMIN DDA
STREET,DUPLICATE_WORD,CHEMIN DE DE CHANTEMERLE,CHEMIN DE CHANTEMERLE
STREET,DUPLICATE_WORD,CHEMIN DE DE LA BOURIETTE DE SAINT AMANS,CHEMIN DE LA BOURIETTE DE SAINT AMANS
STREET,DUPLICATE_WORD,CHEMIN DE LA LA FREYDIERE,CHEMIN DE LA FREYDIERE
STREET,DUPLICATE_WORD,CHEMIN DE LA LA PERCHE,CHEMIN DE LA PERCHE
STREET,DUPLICATE_WORD,CHEMIN DE SERRE DE SERRE DE BEAUVEZER,CHEMIN DE SERRE DE BEAUVEZER
STREET,DUPLICATE_WORD,CHEMIN DU DU BOIS DES PAUVRES,CHEMIN DU BOIS DES PAUVRES
STREET,DUPLICATE_WORD,ESPLANADE ESPLANADE EGLANTYNE JEBB,ESPLANADE EGLANTYNE JEBB
STREET,DUPLICATE_WORD,GRAND PLACE PLACE DU GENERAL DE GAULLE,GRAND PLACE DU GENERAL DE GAULLE
STREET,DUPLICATE_WORD,GRAND RUE GRAND RUE,GRAND RUE
STREET,DUPLICATE_WORD,IMPASSE DE DE SAUVAZOUX,IMPASSE DE SAUVAZOUX
STREET,DUPLICATE_WORD,IMPASSE DE LA LA BOUDAZIERE,IMPASSE DE LA BOUDAZIERE
STREET,DUPLICATE_WORD,IMPASSE DE LA LA ZA DU VE,IMPASSE DE LA ZA DU VE
STREET,DUPLICATE_WORD,IMPASSE DU COTEAU DE DE SAINT PABU,IMPASSE DU COTEAU DE SAINT PABU
STREET,DUPLICATE_WORD,IMPASSE DU PIC D D AYOUS,IMPASSE DU PIC D AYOUS
STREET,DUPLICATE_WORD,IMPASSE J J ETIENNE LENOIR,IMPASSE JEAN JOSEPH ETIENNE LENOIR
STREET,DUPLICATE_WORD,LE MOULIN DU DU VIGNEAU,LE MOULIN DU VIGNEAU
STREET,DUPLICATE_WORD,LIEU DIT LA LA BONNEAU,LIEU DIT LA BONNEAU
STREET,DUPLICATE_WORD,LIEU DIT LA LA MALADRIE,LIEU DIT LA MALADRIE
STREET,DUPLICATE_WORD,LIEU DIT LA LA MAULEON,LIEU DIT LA MAULEON
STREET,DUPLICATE_WORD,LIEU DIT LA LA TISSEAU,LIEU DIT LA TISSEAU
STREET,DUPLICATE_WORD,PASSAGE A NIVEAU PASSAGE A NIVEAU 67,PASSAGE A NIVEAU 67
STREET,DUPLICATE_WORD,ROND POINT POINT DU VERNAY,ROND POINT DU VERNAY
STREET,DUPLICATE_WORD,ROUTE DE DE BEAUJEU,ROUTE DE BEAUJEU
STREET,DUPLICATE_WORD,ROUTE ROUTE D ESPES,ROUTE D ESPES
STREET,DUPLICATE_WORD,RUE DE DE LA BOUCARDE,RUE DE LA BOUCARDE
STREET,DUPLICATE_WORD,RUE DE LA LA BONTAIRIE,RUE DE LA BONTAIRIE
STREET,DUPLICATE_WORD,RUE DU CHEMIN DE LA LA PLAINE,RUE DU CHEMIN DE LA PLAINE
STREET,DUPLICATE_WORD,RUELLE DES DES ROCHERS,RUELLE DES ROCHERS
STREET,DUPLICATE_WORD,RUE RUE DE L ANDROUNE,RUE DE L ANDROUNE
STREET,DUPLICATE_WORD,ZONE ARTISANALE ARTISANALE SAINTE HELENE,ZONE ARTISANALE SAINTE HELENE
STREET,DUPLICATE_WORD,ZONE D ACTIVITE D ACTIVITE LES RANDONNAYS,ZONE D ACTIVITE LES RANDONNAYS
STREET,DUPLICATE_WORD,ZONE D AMENAGEMENT CONCERTE LA LA QUEUE AU LOUP,ZONE D AMENAGEMENT CONCERTE LA QUEUE AU LOUP
STREET,TYPO_ERROR,CHEMIN DE BRISEMUR635,CHEMIN DE BRISEMUR
STREET,TYPO_ERROR,CHEMIN DES 4VENTS,CHEMIN DES QUATRE VENTS
STREET,TYPO_ERROR,CHEMIN DU PUIFRAUD3,CHEMIN DU PUIFRAUD
STREET,TYPO_ERROR,IMPASSE DE L 4GLISE,IMPASSE DE L EGLISE
STREET,TYPO_ERROR,LOTISSEMENT LES CHARMILLES3,LOTISSEMENT LES CHARMILLES
STREET,TYPO_ERROR,RUE DES 4VENTS,RUE DES QUATRE VENTS
STREET,TYPO_ERROR,RUE DU 6 MAI1802,RUE DU 6 MAI 1802
STREET,TYPO_ERROR,VALLEE DE LA NERE5,VALLEE DE LA NERE
COMPLEMENT,DUPLICATE_WORD,DOMAINE DOMAINE DE BUNNY,DOMAINE DE BUNNY
COMPLEMENT,DUPLICATE_WORD,CITE CITE DES MIMOSAS,CITE DES MIMOSAS
COMPLEMENT,DUPLICATE_WORD,VILLA AKOU AKOU,VILLA AKOU
COMPLEMENT,DUPLICATE_WORD,BATIMENT GRIS GRIS RESIDENCE TIRE D AILE,BATIMENT GRIS RESIDENCE TIRE D AILE
COMPLEMENT,DUPLICATE_WORD,VILLA 7 LOTISSEMENT SAINT SAINT,VILLA 7 LOTISSEMENT SAINT
COMPLEMENT,DUPLICATE_WORD,MAISON BRISE BRISE,MAISON BRISE
COMPLEMENT,DUPLICATE_WORD,VILLA CALO CALO,VILLA CALO
COMPLEMENT,DUPLICATE_WORD,BATIMENT A VILLA VILLA VELENNA,BATIMENT A VILLA VELENNA
COMPLEMENT,DUPLICATE_WORD,MAISON INDIVIDUELLE LOTISSEMENT LOTISSEMENT DE LA MARCAOUE,MAISON INDIVIDUELLE LOTISSEMENT DE LA MARCAOUE
COMPLEMENT,DUPLICATE_WORD,VILLA 2 LOTISSEMENT LOTISSEMENT LES LAVANDINES,VILLA 2 LOTISSEMENT LES LAVANDINES
COMPLEMENT,DUPLICATE_WORD,RESIDENCE LES ARTS ARTS,RESIDENCE LES ARTS
COMPLEMENT,DUPLICATE_WORD,ZONE INDUSTRIELLE ZONE INDUSTRIELLE DE LA PILATERIE,ZONE INDUSTRIELLE DE LA PILATERIE
COMPLEMENT,DUPLICATE_WORD,CLOS CLOS DU VERGERS,CLOS DU VERGERS
COMPLEMENT,DUPLICATE_WORD,VILLA LA CRY CRY,VILLA LA CRY
COMPLEMENT,DUPLICATE_WORD,VILLA LA VANA VANA,VILLA LA VANA
COMPLEMENT,DUPLICATE_WORD,VILLA MORA MORA LOTISSEMENT BERNARD,VILLA MORA LOTISSEMENT BERNARD
COMPLEMENT,DUPLICATE_WORD,VILLA NOA NOA,VILLA NOA
COMPLEMENT,DUPLICATE_WORD,MAISON TUKU TUKU,MAISON TUKU
COMPLEMENT,DUPLICATE_WORD,BATIMENT BATIMENT C RESIDENCE DUPLEIX,BATIMENT C RESIDENCE DUPLEIX
COMPLEMENT,DUPLICATE_WORD,BATIMENT BATIMENT E,BATIMENT BATIMENT E
COMPLEMENT,DUPLICATE_WORD,HLM HLM,HLM
COMPLEMENT,DUPLICATE_WORD,BATIMENT B VILLA VILLA VELENNA,BATIMENT B VILLA VELENNA
COMPLEMENT,DUPLICATE_WORD,LOTISSEMENT LE CLOS DES DES VIGNES,LOTISSEMENT LE CLOS DES VIGNES
COMPLEMENT,DUPLICATE_WORD,LOTISSEMENT TOI TOI MON TOIT,LOTISSEMENT TOI MON TOIT
COMPLEMENT,DUPLICATE_WORD,VILLA 21 CLOS CLOS DES CORDELIERS,VILLA 21 CLOS DES CORDELIERS
COMPLEMENT,DUPLICATE_WORD,RESIDENCE LE PARIS PARIS,RESIDENCE LE PARIS
COMPLEMENT,DUPLICATE_WORD,LOTISSEMENT XAN XAN GORRI,LOTISSEMENT XAN GORRI
COMPLEMENT,DUPLICATE_WORD,RESIDENCE PALAIS SANTA SANTA FIOR,RESIDENCE PALAIS SANTA FIOR
COMPLEMENT,DUPLICATE_WORD,VILLA LA TOU LOU LOU,VILLA LA TOU LOU
COMPLEMENT,DUPLICATE_WORD,RESIDENCE RESIDENCE BORD DE MER K,RESIDENCE BORD DE MER K
COMPLEMENT,DUPLICATE_WORD,BATIMENT B RESIDENCE RESIDENCE CAIS CENTRE,BATIMENT B RESIDENCE CAIS CENTRE
COMPLEMENT,DUPLICATE_WORD,RESIDENCE KRE KRE,RESIDENCE KRE
COMPLEMENT,DUPLICATE_WORD,RESIDENCE BOGA BOGA DROITE,RESIDENCE BOGA DROITE
COMPLEMENT,DUPLICATE_WORD,MAISON MAISON INDIVIDUELLE,MAISON INDIVIDUELLE
COMPLEMENT,DUPLICATE_WORD,BATIMENT B 3 RESIDENCE RESIDENCE LE TRIDENT,BATIMENT B 3 RESIDENCE LE TRIDENT
COMPLEMENT,DUPLICATE_WORD,VILLA LEON LEON,VILLA LEON
COMPLEMENT,DUPLICATE_WORD,CLOS CLOS DU CHATAIGNIER,CLOS DU CHATAIGNIER
COMPLEMENT,DUPLICATE_WORD,RESIDENCE MARU MARU,RESIDENCE MARU
COMPLEMENT,DUPLICATE_WORD,BATIMENT F HLM L OREE DU DU BOIS,BATIMENT F HLM L OREE DU BOIS
COMPLEMENT,DUPLICATE_WORD,RESIDENCE LES BULS BULS,RESIDENCE LES BULS
COMPLEMENT,DUPLICATE_WORD,BATIMENT C RESIDENCE RESIDENCE 1821 CAP BRUN,BATIMENT C RESIDENCE 1821 CAP BRUN
COMPLEMENT,DUPLICATE_WORD,BATIMENT C VILLA VILLA VELENNA,BATIMENT C VILLA VELENNA
COMPLEMENT,DUPLICATE_WORD,RESIDENCE KRE KRE SAVANN,RESIDENCE KRE SAVANN
COMPLEMENT,DUPLICATE_WORD,BATIMENT BATIMENT B RESIDENCE LA HARLIERE,BATIMENT B RESIDENCE LA HARLIERE
COMPLEMENT,DUPLICATE_WORD,RESIDENCE BOGA BOGA GAUCHE,RESIDENCE BOGA GAUCHE
COMPLEMENT,DUPLICATE_WORD,BATIMENT BATIMENT 1 RESIDENCE RESIDENCE DE GAIRARD,BATIMENT BATIMENT 1 RESIDENCE DE GAIRARD
COMPLEMENT,DUPLICATE_WORD,ENTREE 2 BATIMENT LES TILLEULS RESIDENCE RESIDENCE MURATEL,ENTREE 2 BATIMENT LES TILLEULS RESIDENCE MURATEL
COMPLEMENT,DUPLICATE_WORD,VILLA 22 CLOS CLOS DES CORDELIERS,VILLA 22 CLOS DES CORDELIERS
COMPLEMENT,DUPLICATE_WORD,HALL 2 BATIMENT C RESIDENCE RESIDENCE COEUR DE VILLAGE,HALL 2 BATIMENT C RESIDENCE COEUR DE VILLAGE
COMPLEMENT,DUPLICATE_WORD,DOMAINE DOMAINE DE L AUBE L AIGRE LE QUENIS,DOMAINE DE L AUBE L AIGRE LE QUENIS
COMPLEMENT,DUPLICATE_WORD,MAISON TTUKU TTUKU,MAISON TTUKU
COMPLEMENT,DUPLICATE_WORD,VILLA MALU MALU,VILLA MALU
COMPLEMENT,DUPLICATE_WORD,RESIDENCE COPAYA COPAYA,RESIDENCE COPAYA
COMPLEMENT,DUPLICATE_WORD,VILLA 12 BIS LOTISSEMENT LOTISSEMENT LE ROUSSET,VILLA 12 BIS LOTISSEMENT LE ROUSSET
COMPLEMENT,DUPLICATE_WORD,RESIDENCE RESIDENCE LA BERNEDE,RESIDENCE LA BERNEDE
COMPLEMENT,DUPLICATE_WORD,CHALET MORA MORA,CHALET MORA

COMPLEMENT,TYPO_ERROR,LOTISSEMENT 5LOREE DU VILLAGE,LOTISSEMENT L OREE DU VILLAGE
COMPLEMENT,TYPO_ERROR,BATIMENT A CITE BROGILUM APPT3,BATIMENT A CITE BROGILUM APPT 3
COMPLEMENT,TYPO_ERROR,LOTISSEMENT LES 1000ROSES,LOTISSEMENT LES 1000 ROSES
COMPLEMENT,TYPO_ERROR,BATIMENT LES FEIGNES RESIDENCE LES 2TERRASSES,BATIMENT LES FEIGNES RESIDENCE LES 2 TERRASSES
COMPLEMENT,TYPO_ERROR,RESIDENCE PALMA2,RESIDENCE PALMA 2
COMPLEMENT,TYPO_ERROR,VILLA 10 LOTISSEMENT LES 4CHEMINS,VILLA 10 LOTISSEMENT LES 4 CHEMINS
COMPLEMENT,TYPO_ERROR,BATIMENT A RESIDENCE 4EPICES,BATIMENT A RESIDENCE 4 EPICES
COMPLEMENT,TYPO_ERROR,ENTREE 1 BATIMENT LES BOUCHOTS RESIDENCE LES 2TERRASSES,ENTREE 1 BATIMENT LES BOUCHOTS RESIDENCE LES 2 TERRASSES
COMPLEMENT,TYPO_ERROR,LOTISSEMENT LES 3FONDS,LOTISSEMENT LES 3 FONDS
COMPLEMENT,TYPO_ERROR,VILLA 1 MAS LES 4VENTS,VILLA 1 MAS LES 4 VENTS
COMPLEMENT,TYPO_ERROR,RESIDENCE PALMA3,RESIDENCE PALMA 3
COMPLEMENT,TYPO_ERROR,CHALET 3BELLES,CHALET 3 BELLES
COMPLEMENT,TYPO_ERROR,RESIDENCE DES 4COINS,RESIDENCE DES 4 COINS
COMPLEMENT,TYPO_ERROR,RESIDENCE 50PRADO,RESIDENCE PRADO
COMPLEMENT,TYPO_ERROR,VILLA 7 LOTISSEMENT LES 4CHEMINS,VILLA 7 LOTISSEMENT LES 4 CHEMINS
COMPLEMENT,TYPO_ERROR,ENTREE 2 BATIMENT LES BOUCHOTS RESIDENCE LES 2TERRASSES,ENTREE 2 BATIMENT LES BOUCHOTS RESIDENCE LES 2 TERRASSES
COMPLEMENT,TYPO_ERROR,LOTISSEMENT LA COLLINE3,LOTISSEMENT LA COLLINE 3
COMPLEMENT,TYPO_ERROR,LOTISSEMENT VILLA 1LES TERRASSES DE BELLA VISTA,LOTISSEMENT LES TERRASSES DE BELLA VISTA
COMPLEMENT,TYPO_ERROR,CLOS DES 4COINS,CLOS DES 4 COINS
COMPLEMENT,TYPO_ERROR,ENTREE B RESIDENCE LES 3PERLES,ENTREE B RESIDENCE LES 3 PERLES
COMPLEMENT,TYPO_ERROR,RESIDENCE LE MEDITERRAN2EN,RESIDENCE LE MEDITERRANEEN
COMPLEMENT,TYPO_ERROR,VILLA 1 LOTISSEMENT LES 4CHEMINS,VILLA 1 LOTISSEMENT LES 4 CHEMINS
COMPLEMENT,TYPO_ERROR,LOTISSEMENT LES 18ARPENTS,LOTISSEMENT LES 18 ARPENTS
COMPLEMENT,TYPO_ERROR,CHALET LES 3ECUREUILS,CHALET LES 3 ECUREUILS
COMPLEMENT,TYPO_ERROR,VILLA 11 LOTISSEMENT LES 4CHEMINS,VILLA 11 LOTISSEMENT LES 4 CHEMINS
COMPLEMENT,TYPO_ERROR,VILLA 5 LOTISSEMENT LES 4CHEMINS,VILLA 5 LOTISSEMENT LES 4 CHEMINS
COMPLEMENT,TYPO_ERROR,CLOS 2GAIGNE,CLOS GAIGNE
COMPLEMENT,TYPO_ERROR,VILLA 19 LOTISSEMENT LES 4CHEMINS,VILLA 19 LOTISSEMENT LES 4 CHEMINS
COMPLEMENT,TYPO_ERROR,MAS LES 3BAIES,MAS LES 3 BAIES
COMPLEMENT,TYPO_ERROR,ZONE D AMENAGEMENT CONCERTE D4ARVOR,ZONE D AMENAGEMENT CONCERTE D ARVOR
COMPLEMENT,TYPO_ERROR,VILLA LES4 SAISONS,VILLA LES 4 SAISONS
COMPLEMENT,TYPO_ERROR,RESIDENCE LES 3PERLES,RESIDENCE LES 3 PERLES
COMPLEMENT,TYPO_ERROR,BATIMENT 4GAY LUSSAC RESIDENCE GAY LUSSAC,BATIMENT 4 RESIDENCE GAY LUSSAC
COMPLEMENT,TYPO_ERROR,BATIMENT B RESIDENCE 4EPICES,BATIMENT B RESIDENCE 4 EPICES
COMPLEMENT,TYPO_ERROR,BATIMENT E4 ZONE NICE LA PLAINE1,BATIMENT E4 ZONE NICE LA PLAINE 1
COMPLEMENT,TYPO_ERROR,RESIDENCE NAUTIDE1,RESIDENCE NAUTIDE 1
COMPLEMENT,TYPO_ERROR,RESIDENCE LE POUZET BL DU 1AU 9,RESIDENCE LE POUZET BL DU 1 AU 9
COMPLEMENT,TYPO_ERROR,BATIMENT O3 ESC1,BATIMENT O3 ESC 1
COMPLEMENT,TYPO_ERROR,BATIMENT O1 ESC1,BATIMENT O1 ESC 1
COMPLEMENT,TYPO_ERROR,LOTISSEMENT LES BRAHAUDIERES2,LOTISSEMENT LES BRAHAUDIERES 2
COMPLEMENT,TYPO_ERROR,LOTISSEMENT 1LE CHANT DU PRINTEMPS,LOTISSEMENT 1 LE CHANT DU PRINTEMPS
COMPLEMENT,TYPO_ERROR,LOTISSEMENT LES 4VENTS,LOTISSEMENT LES 4 VENTS
COMPLEMENT,TYPO_ERROR,LOTISSEMENT LES 4SAISONS,LOTISSEMENT LES 4 SAISONS
COMPLEMENT,TYPO_ERROR,LOTISSEMENT 51HAUTS DE ROHAN,LOTISSEMENT HAUTS DE ROHAN
COMPLEMENT,TYPO_ERROR,VILLA 3 RESIDENCE LES MARINES D4ASPRETTO,VILLA 3 RESIDENCE LES MARINES D ASPRETTO
COMPLEMENT,TYPO_ERROR,VILLA 15 LOTISSEMENT LES 4CHEMINS,VILLA 15 LOTISSEMENT LES 4 CHEMINS
COMPLEMENT,TYPO_ERROR,LOTISSEMENT LES 2SOLEILS,LOTISSEMENT LES 2 SOLEILS
COMPLEMENT,TYPO_ERROR,LOTISSEMENT CLOS DES 4VENTS,LOTISSEMENT CLOS DES 4 VENTS
COMPLEMENT,TYPO_ERROR,ENTREE 2 RESIDENCE LA R0SELIERE,ENTREE 2 RESIDENCE LA ROSELIERE
COMPLEMENT,TYPO_ERROR,VILLA 2 LOTISSEMENT LES 3CHENES,VILLA 2 LOTISSEMENT LES 3 CHENES
COMPLEMENT,TYPO_ERROR,LOTISSEMENT 1LES RIGAOUS,LOTISSEMENT LES RIGAOUS
COMPLEMENT,TYPO_ERROR,ENTREE 2 BATIMENT LES CHAMPIS RESIDENCE LES 2TERRASSES,ENTREE 2 BATIMENT LES CHAMPIS RESIDENCE LES 2 TERRASSES
COMPLEMENT,TYPO_ERROR,TOUR 9LANDALOUSIE RESIDENCE L ANDALOUSIE,TOUR 9 RESIDENCE L ANDALOUSIE
COMPLEMENT,TYPO_ERROR,VILLA DES5 SENTES,VILLA DES 5 SENTES
COMPLEMENT,TYPO_ERROR,BATIMENT AIGLON1,BATIMENT AIGLON 1
COMPLEMENT,TYPO_ERROR,VILLA LES2 PINOUS,VILLA LES 2 PINOUS
COMPLEMENT,TYPO_ERROR,ZONE D ACTIVITE HAUTS FRANCE1,ZONE D ACTIVITE HAUTS FRANCE 1
COMPLEMENT,TYPO_ERROR,LOTISSEMENT 19LOREE DU GOLF,LOTISSEMENT 19 L OREE DU GOLF
COMPLEMENT,TYPO_ERROR,BATIMENT C RESIDENCE LES 3PINS,BATIMENT C RESIDENCE LES 3 PINS
COMPLEMENT,TYPO_ERROR,LOTISSEMENT NUBO2,LOTISSEMENT NUBO 2
COMPLEMENT,TYPO_ERROR,HLM 4VENTS,HLM 4 VENTS
COMPLEMENT,TYPO_ERROR,VILLA 17 LOTISSEMENT LES 4CHEMINS,VILLA 17 LOTISSEMENT LES 4 CHEMINS
COMPLEMENT,TYPO_ERROR,VILLA 16 LOTISSEMENT LES 4CHEMINS,VILLA 16 LOTISSEMENT LES 4 CHEMINS
COMPLEMENT,TYPO_ERROR,LOTISSEMENT 14LOREE DU VILLAGE,LOTISSEMENT 14 L OREE DU VILLAGE
COMPLEMENT,TYPO_ERROR,RESIDENCE LA CALIF0RNIE,RESIDENCE LA CALIFORNIE
COMPLEMENT,TYPO_ERROR,ENTREE C RESIDENCE LES 3PERLES,ENTREE C RESIDENCE LES 3 PERLES
COMPLEMENT,TYPO_ERROR,VILLA 14 LOTISSEMENT LES 4CHEMINS,VILLA 14 LOTISSEMENT LES 4 CHEMINS
COMPLEMENT,TYPO_ERROR,VILLA 8 LOTISSEMENT LES 4CHEMINS,VILLA 8 LOTISSEMENT LES 4 CHEMINS
COMPLEMENT,TYPO_ERROR,LOTISSEMENT 3LE CHANT DU PRINTEMPS,LOTISSEMENT 3 LE CHANT DU PRINTEMPS
COMPLEMENT,TYPO_ERROR,CHALET LES 3SAPINS,CHALET LES 3 SAPINS
COMPLEMENT,TYPO_ERROR,VILLA 3 LOTISSEMENT LES 4CHEMINS,VILLA 3 LOTISSEMENT LES 4 CHEMINS
COMPLEMENT,TYPO_ERROR,RESIDENCE DARBOUSSIER1,RESIDENCE DARBOUSSIER 1
COMPLEMENT,TYPO_ERROR,LOTISSEMENT 5LE CHANT DU PRINTEMPS,LOTISSEMENT 5 LE CHANT DU PRINTEMPS
COMPLEMENT,TYPO_ERROR,RESIDENCE ENTRE 2RIVES,RESIDENCE ENTRE 2RIVES
COMPLEMENT,TYPO_ERROR,VILLA 12 LOTISSEMENT LES 4CHEMINS,VILLA 12 LOTISSEMENT LES 4 CHEMINS
COMPLEMENT,TYPO_ERROR,VILLA LES3 LIONS,VILLA LES 3 LIONS
COMPLEMENT,TYPO_ERROR,BATIMENT O2 ESC2,BATIMENT O2 ESC 2
COMPLEMENT,TYPO_ERROR,BATIMENT C3 RESIDENCE TERRA UVA1,BATIMENT C3 RESIDENCE TERRA UVA 1
COMPLEMENT,TYPO_ERROR,PAVILLON29 RESIDENCE DU PASTEL,PAVILLON 29 RESIDENCE DU PASTEL
COMPLEMENT,TYPO_ERROR,LOTISSEMENT 24HAUTS DE ROHAU,LOTISSEMENT 24 HAUTS DE ROHAU
COMPLEMENT,TYPO_ERROR,VILLA 18 LOTISSEMENT LES 4CHEMINS,VILLA 18 LOTISSEMENT LES 4CHEMINS
COMPLEMENT,TYPO_ERROR,BATIMENT D1 RESIDENCE H2HOME,BATIMENT D1 RESIDENCE H2HOME
COMPLEMENT,TYPO_ERROR,BATIMENT B RESIDENCE LES 3COURONNES,BATIMENT B RESIDENCE LES 3COURONNES
COMPLEMENT,TYPO_ERROR,VILLA 4 LOTISSEMENT LES 4CHEMINS,VILLA 4 LOTISSEMENT LES 4CHEMINS
COMPLEMENT,TYPO_ERROR,BATIMENT C RESIDENCE 50PRADO,BATIMENT C RESIDENCE 50PRADO
COMPLEMENT,TYPO_ERROR,1A3 LOTISSEMENT LES PARCS DE GIGARO,1A3 LOTISSEMENT LES PARCS DE GIGARO
COMPLEMENT,TYPO_ERROR,BATIMENT 6LES AMANDIERS RESIDENCE LES AMANDIERS,BATIMENT 6LES AMANDIERS RESIDENCE LES AMANDIERS
COMPLEMENT,TYPO_ERROR,ENTREE PORTE8 BATIMENT A RESIDENCE CATTLEYA,ENTREE PORTE8 BATIMENT A RESIDENCE CATTLEYA
COMPLEMENT,TYPO_ERROR,BATIMENT D RESIDENCE PARC2CE,BATIMENT D RESIDENCE PARC2CE
COMPLEMENT,TYPO_ERROR,CHALET HORIZON1850,CHALET HORIZON1850
COMPLEMENT,TYPO_ERROR,RESIDENCE PARC2CE,RESIDENCE PARC2CE
COMPLEMENT,TYPO_ERROR,MAS LES 3AFONTENELLE,MAS LES 3AFONTENELLE
COMPLEMENT,TYPO_ERROR,VILLA 4LAMANDINE LOTISSEMENT LES MAS DE LA GALIASSE,VILLA 4LAMANDINE LOTISSEMENT LES MAS DE LA GALIASSE
COMPLEMENT,TYPO_ERROR,FOYER AUX 4VENTS,FOYER AUX 4VENTS
COMPLEMENT,TYPO_ERROR,VILLA 13 LOTISSEMENT LES 4CHEMINS,VILLA 13 LOTISSEMENT LES 4CHEMINS
COMPLEMENT,TYPO_ERROR,VILLA 6 LOTISSEMENT LES 4CHEMINS,VILLA 6 LOTISSEMENT LES 4CHEMINS
COMPLEMENT,TYPO_ERROR,DOMAINE DES 8CLOS,DOMAINE DES 8CLOS
COMPLEMENT,TYPO_ERROR,ZONE D ACTIVITE LES 4CHENES,ZONE D ACTIVITE LES 4CHENES
COMPLEMENT,TYPO_ERROR,ENTREE A RESIDENCE 4EPICES,ENTREE A RESIDENCE 4EPICES
COMPLEMENT,TYPO_ERROR,VILLA 1A7 RESIDENCE DE LA CLOSERIE,VILLA 1A7 RESIDENCE DE LA CLOSERIE
COMPLEMENT,TYPO_ERROR,BATIMENT C2 DU 20AU38 HLM LES 4 SAISONS,BATIMENT C2 DU 20AU38 HLM LES 4 SAISONS
COMPLEMENT,TYPO_ERROR,RESIDENCE PALMA1,RESIDENCE PALMA1
COMPLEMENT,TYPO_ERROR,BATIMENT A RESIDENCE LES 7FONTAINES,BATIMENT A RESIDENCE LES 7FONTAINES
COMPLEMENT,TYPO_ERROR,ENTREE 1 BATIMENT LES CHAMPIS RESIDENCE LES 2TERRASSES,ENTREE 1 BATIMENT LES CHAMPIS RESIDENCE LES 2TERRASSES
COMPLEMENT,TYPO_ERROR,BATIMENT JULES CESAR1,BATIMENT JULES CESAR1
COMPLEMENT,TYPO_ERROR,ENTREE APPARTEMENT 123A134,ENTREE APPARTEMENT 123A134
COMPLEMENT,TYPO_ERROR,BATIMENT A3 ESC9,BATIMENT A3 ESC9
COMPLEMENT,TYPO_ERROR,BATIMENT B RESIDENCE SAINT CHARLES 3ETAGE,BATIMENT B RESIDENCE SAINT CHARLES 3ETAGE
COMPLEMENT,TYPO_ERROR,LOTISSEMENT 18LOREE DU VILLAGE,LOTISSEMENT 18LOREE DU VILLAGE
COMPLEMENT,TYPO_ERROR,BATIMENT D RESIDENCE LOUISE MICHELE PORTE12C,BATIMENT D RESIDENCE LOUISE MICHELE PORTE12C
COMPLEMENT,TYPO_ERROR,VILLA LES2 PINS,VILLA LES2 PINS
COMPLEMENT,TYPO_ERROR,RESIDENCE LES 5 2PICES,RESIDENCE LES 5 2PICES
COMPLEMENT,TYPO_ERROR,LOTISSEMENT JARDIN DES ARCS 2ET 3,LOTISSEMENT JARDIN DES ARCS 2ET 3
COMPLEMENT,TYPO_ERROR,RESIDENCE LE 3MAT,RESIDENCE LE 3MAT
COMPLEMENT,TYPO_ERROR,VILLA 1A3 18A21 LOTISSEMENT HAMEAU DE LA CROIX,VILLA 1A3 18A21 LOTISSEMENT HAMEAU DE LA CROIX
COMPLEMENT,TYPO_ERROR,VILLA 9 LOTISSEMENT LES 4CHEMINS,VILLA 9 LOTISSEMENT LES 4CHEMINS
COMPLEMENT,TYPO_ERROR,IMMEUBLE SXB1,IMMEUBLE SXB1
COMPLEMENT,TYPO_ERROR,VILLA LES4 VENTS,VILLA LES4 VENTS
COMPLEMENT,TYPO_ERROR,BATIMENT A09 ESC1,BATIMENT A09 ESC1
COMPLEMENT,TYPO_ERROR,VILLA AUX4 VENTS,VILLA AUX4 VENTS
COMPLEMENT,TYPO_ERROR,RESIDENCE 81AVIGNOLES,RESIDENCE 81AVIGNOLES
COMPLEMENT,TYPO_ERROR,MAS BUISSONS BLANCS1,MAS BUISSONS BLANCS1
COMPLEMENT,TYPO_ERROR,VILLA LES3 OURSINS,VILLA LES3 OURSINS
